{
    "pools": [
        {
            "rolls": {
                "min": 3,
                "max": 5
            },
            "entries": [
                {
                    "type": "item",
                    "weight": 1,
                    "name": "minecraft:stick"
                },
                {
                    "type": "item",
                    "weight": 1,
                    "name": "minecraft:flint"
                },
                {
                    "type": "item",
                    "weight": 1,
                    "name": "minecraft:string"
                },
                {
                    "type": "item",
                    "weight": 1,
                    "name": "minecraft:iron_nugget"
                },
                {
                    "type": "item",
                    "weight": 1,
                    "name": "minecraft:gold_nugget"
                },
                {
                    "type": "item",
                    "weight": 1,
                    "name": "minecraft:iron_ingot"
                },
                {
                    "type": "item",
                    "weight": 1,
                    "name": "minecraft:coal"
                },
                {
                    "type": "item",
                    "weight": 1,
                    "name": "minecraft:dirt"
                },
                {
                    "type": "item",
                    "weight": 1,
                    "name": "minecraft:wool"
                },
                {
                    "type": "item",
                    "weight": 1,
                    "name": "minecraft:feather"
                },
                {
                    "type": "item",
                    "weight": 1,
                    "name": "minecraft:cobblestone"
                },
                {
                    "type": "item",
                    "weight": 1,
                    "name": "minecraft:stone"
                },
                {
                    "type": "item",
                    "weight": 1,
                    "name": "minecraft:wooden_sword",
                    "functions": [
                        {
                            "function": "set_damage",
                            "damage": {
                                "min": 0,
                                "max": 1
                            }
                        }
                    ]
                },
                {
                    "type": "item",
                    "weight": 1,
                    "name": "minecraft:leather"
                },
                {
                    "type": "item",
                    "weight": 1,
                    "name": "minecraft:leather_helmet",
                    "functions": [
                        {
                            "function": "set_damage",
                            "damage": {
                                "min": 0,
                                "max": 1
                            }
                        }
                    ]
                },
                {
                    "type": "item",
                    "weight": 1,
                    "name": "minecraft:leather_chestplate",
                    "functions": [
                        {
                            "function": "set_damage",
                            "damage": {
                                "min": 0,
                                "max": 1
                            }
                        }
                    ]
                },
                {
                    "type": "item",
                    "weight": 1,
                    "name": "minecraft:leather_leggings",
                    "functions": [
                        {
                            "function": "set_damage",
                            "damage": {
                                "min": 0,
                                "max": 1
                            }
                        }
                    ]
                },
                {
                    "type": "item",
                    "weight": 1,
                    "name": "minecraft:leather_boots",
                    "functions": [
                        {
                            "function": "set_damage",
                            "damage": {
                                "min": 0,
                                "max": 1
                            }
                        }
                    ]
                },
                {
                    "type": "item",
                    "weight": 1,
                    "name": "minecraft:sapling"
                },
                {
                    "type": "item",
                    "weight": 1,
                    "name": "minecraft:torch"
                },
                {
                    "type": "item",
                    "weight": 1,
                    "name": "minecraft:wheat_seeds"
                },
                {
                    "type": "item",
                    "weight": 1,
                    "name": "minecraft:slime_ball"
                }
            ]
        }
    ]
}