{
    "pools": [
        {
            "rolls": {
                "min": 7,
                "max": 9
            },
            "entries": [
                {
                    "type": "item",
                    "weight": 1,
                    "name": "minecraft:experience_bottle"
                },
                {
                    "type": "item",
                    "weight": 1,
                    "name": "minecraft:emerald_block"
                },
                {
                    "type": "item",
                    "weight": 1,
                    "name": "minecraft:diamond_block"
                },
                {
                    "type": "item",
                    "weight": 1,
                    "name": "minecraft:diamond"
                },
                {
                    "type": "item",
                    "weight": 1,
                    "name": "minecraft:gold_ingot"
                },
                {
                    "type": "item",
                    "weight": 1,
                    "name": "minecraft:iron_block"
                },
                {
                    "type": "item",
                    "weight": 1,
                    "name": "minecraft:gold_block"
                },
                {
                    "type": "item",
                    "weight": 1,
                    "name": "minecraft:crying_obsidian"
                },
                {
                    "type": "item",
                    "weight": 1,
                    "name": "minecraft:ender_pearl"
                },
                {
                    "type": "item",
                    "weight": 1,
                    "name": "minecraft:skull",
                    "functions": [
                        {
                            "function": "set_data",
                            "data": 1
                        }
                    ]
                },
                {
                    "type": "item",
                    "weight": 1,
                    "name": "minecraft:emerald"
                },
                {
                    "type": "item",
                    "weight": 1,
                    "name": "minecraft:netherite_scrap"
                },
                {
                    "type": "item",
                    "weight": 1,
                    "name": "minecraft:diamond_sword",
                    "functions": [
                        {
                            "function": "set_damage",
                            "damage": {
                                "min": 0,
                                "max": 1
                            }
                        },
                        {
                            "function": "enchant_with_levels",
                            "levels": {
                                "min": 1,
                                "max": 30
                            }
                        }
                    ]
                },
                {
                    "type": "item",
                    "weight": 1,
                    "name": "minecraft:netherite_ingot"
                },
                {
                    "type": "item",
                    "weight": 1,
                    "name": "minecraft:diamond_helmet",
                    "functions": [
                        {
                            "function": "set_damage",
                            "damage": {
                                "min": 0,
                                "max": 1
                            }
                        },
                        {
                            "function": "enchant_with_levels",
                            "levels": {
                                "min": 1,
                                "max": 30
                            }
                        }
                    ]
                },
                {
                    "type": "item",
                    "weight": 1,
                    "name": "minecraft:diamond_chestplate",
                    "functions": [
                        {
                            "function": "set_damage",
                            "damage": {
                                "min": 0,
                                "max": 1
                            }
                        },
                        {
                            "function": "enchant_with_levels",
                            "levels": {
                                "min": 1,
                                "max": 30
                            }
                        }
                    ]
                },
                {
                    "type": "item",
                    "weight": 1,
                    "name": "minecraft:diamond_leggings",
                    "functions": [
                        {
                            "function": "set_damage",
                            "damage": {
                                "min": 0,
                                "max": 1
                            }
                        },
                        {
                            "function": "enchant_with_levels",
                            "levels": {
                                "min": 1,
                                "max": 30
                            }
                        }
                    ]
                },
                {
                    "type": "item",
                    "weight": 1,
                    "name": "minecraft:diamond_boots",
                    "functions": [
                        {
                            "function": "set_damage",
                            "damage": {
                                "min": 0,
                                "max": 1
                            }
                        },
                        {
                            "function": "enchant_with_levels",
                            "levels": {
                                "min": 1,
                                "max": 30
                            }
                        }
                    ]
                },
                {
                    "type": "item",
                    "weight": 1,
                    "name": "minecraft:cooked_beef"
                },
                {
                    "type": "item",
                    "weight": 1,
                    "name": "minecraft:cake"
                },
                {
                    "type": "item",
                    "weight": 1,
                    "name": "minecraft:totem_of_undying"
                },
                {
                    "type": "item",
                    "weight": 1,
                    "name": "minecraft:fishing_rod",
                    "functions": [
                        {
                            "function": "enchant_with_levels",
                            "levels": {
                                "min": 1,
                                "max": 30
                            }
                        },
                        {
                            "function": "set_damage",
                            "damage": {
                                "min": 0,
                                "max": 1
                            }
                        }
                    ]
                },
                {
                    "type": "item",
                    "weight": 1,
                    "name": "minecraft:bow",
                    "functions": [
                        {
                            "function": "set_damage",
                            "damage": {
                                "min": 0,
                                "max": 1
                            }
                        },
                        {
                            "function": "enchant_with_levels",
                            "levels": {
                                "min": 1,
                                "max": 30
                            }
                        }
                    ]
                }
            ]
        }
    ]
}