{
    "pools": [
        {
            "rolls": {
                "min": 5,
                "max": 7
            },
            "entries": [
                {
                    "type": "item",
                    "weight": 1,
                    "name": "minecraft:log"
                },
                {
                    "type": "item",
                    "weight": 1,
                    "name": "minecraft:emerald"
                },
                {
                    "type": "item",
                    "weight": 1,
                    "name": "minecraft:wool"
                },
                {
                    "type": "item",
                    "weight": 1,
                    "name": "minecraft:diamond"
                },
                {
                    "type": "item",
                    "weight": 1,
                    "name": "minecraft:gold_ingot"
                },
                {
                    "type": "item",
                    "weight": 1,
                    "name": "minecraft:iron_block"
                },
                {
                    "type": "item",
                    "weight": 1,
                    "name": "minecraft:gold_block"
                },
                {
                    "type": "item",
                    "weight": 1,
                    "name": "minecraft:obsidian"
                },
                {
                    "type": "item",
                    "weight": 1,
                    "name": "minecraft:ender_pearl"
                },
                {
                    "type": "item",
                    "weight": 1,
                    "name": "minecraft:blaze_rod"
                },
                {
                    "type": "item",
                    "weight": 1,
                    "name": "minecraft:quartz"
                },
                {
                    "type": "item",
                    "weight": 1,
                    "name": "minecraft:shulker_shell"
                },
                {
                    "type": "item",
                    "weight": 1,
                    "name": "minecraft:stone_sword",
                    "functions": [
                        {
                            "function": "set_damage",
                            "damage": {
                                "min": 0,
                                "max": 1
                            }
                        },
                        {
                            "function": "enchant_with_levels",
                            "levels": {
                                "min": 1,
                                "max": 30
                            }
                        }
                    ]
                },
                {
                    "type": "item",
                    "weight": 1,
                    "name": "minecraft:gunpowder"
                },
                {
                    "type": "item",
                    "weight": 1,
                    "name": "minecraft:chainmail_helmet",
                    "functions": [
                        {
                            "function": "set_damage",
                            "damage": {
                                "min": 0,
                                "max": 1
                            }
                        },
                        {
                            "function": "enchant_with_levels",
                            "levels": {
                                "min": 1,
                                "max": 30
                            }
                        }
                    ]
                },
                {
                    "type": "item",
                    "weight": 1,
                    "name": "minecraft:chainmail_chestplate",
                    "functions": [
                        {
                            "function": "set_damage",
                            "damage": {
                                "min": 0,
                                "max": 1
                            }
                        },
                        {
                            "function": "enchant_with_levels",
                            "levels": {
                                "min": 1,
                                "max": 30
                            }
                        }
                    ]
                },
                {
                    "type": "item",
                    "weight": 1,
                    "name": "minecraft:chainmail_leggings",
                    "functions": [
                        {
                            "function": "set_damage",
                            "damage": {
                                "min": 0,
                                "max": 1
                            }
                        },
                        {
                            "function": "enchant_with_levels",
                            "levels": {
                                "min": 1,
                                "max": 30
                            }
                        }
                    ]
                },
                {
                    "type": "item",
                    "weight": 1,
                    "name": "minecraft:chainmail_boots",
                    "functions": [
                        {
                            "function": "set_damage",
                            "damage": {
                                "min": 0,
                                "max": 1
                            }
                        },
                        {
                            "function": "enchant_with_levels",
                            "levels": {
                                "min": 1,
                                "max": 30
                            }
                        }
                    ]
                },
                {
                    "type": "item",
                    "weight": 1,
                    "name": "minecraft:bread"
                },
                {
                    "type": "item",
                    "weight": 1,
                    "name": "minecraft:cake"
                },
                {
                    "type": "item",
                    "weight": 1,
                    "name": "minecraft:pumpkin_seeds"
                },
                {
                    "type": "item",
                    "weight": 1,
                    "name": "minecraft:fishing_rod",
                    "functions": [
                        {
                            "function": "enchant_with_levels",
                            "levels": {
                                "min": 1,
                                "max": 30
                            }
                        },
                        {
                            "function": "set_damage",
                            "damage": {
                                "min": 0,
                                "max": 1
                            }
                        }
                    ]
                }
            ]
        }
    ]
}