{
    "pools": [
        {
            "rolls": {
                "min": 4,
                "max": 6
            },
            "entries": [
                {
                    "type": "item",
                    "weight": 1,
                    "name": "minecraft:planks"
                },
                {
                    "type": "item",
                    "weight": 1,
                    "name": "minecraft:log"
                },
                {
                    "type": "item",
                    "weight": 1,
                    "name": "minecraft:wool"
                },
                {
                    "type": "item",
                    "weight": 1,
                    "name": "minecraft:iron_ingot"
                },
                {
                    "type": "item",
                    "weight": 1,
                    "name": "minecraft:gold_ingot"
                },
                {
                    "type": "item",
                    "weight": 1,
                    "name": "minecraft:iron_block"
                },
                {
                    "type": "item",
                    "weight": 1,
                    "name": "minecraft:coal_block"
                },
                {
                    "type": "item",
                    "weight": 1,
                    "name": "minecraft:obsidian"
                },
                {
                    "type": "item",
                    "weight": 1,
                    "name": "minecraft:ender_pearl"
                },
                {
                    "type": "item",
                    "weight": 1,
                    "name": "minecraft:blaze_powder"
                },
                {
                    "type": "item",
                    "weight": 1,
                    "name": "minecraft:cobblestone"
                },
                {
                    "type": "item",
                    "weight": 1,
                    "name": "minecraft:stone"
                },
                {
                    "type": "item",
                    "weight": 1,
                    "name": "minecraft:golden_sword",
                    "functions": [
                        {
                            "function": "set_damage",
                            "damage": {
                                "min": 0,
                                "max": 1
                            }
                        },
                        {
                            "function": "enchant_with_levels",
                            "levels": {
                                "min": 1,
                                "max": 30
                            }
                        }
                    ]
                },
                {
                    "type": "item",
                    "weight": 1,
                    "name": "minecraft:leather"
                },
                {
                    "type": "item",
                    "weight": 1,
                    "name": "minecraft:golden_helmet",
                    "functions": [
                        {
                            "function": "set_damage",
                            "damage": {
                                "min": 0,
                                "max": 1
                            }
                        },
                        {
                            "function": "enchant_with_levels",
                            "levels": {
                                "min": 1,
                                "max": 30
                            }
                        }
                    ]
                },
                {
                    "type": "item",
                    "weight": 1,
                    "name": "minecraft:golden_chestplate",
                    "functions": [
                        {
                            "function": "set_damage",
                            "damage": {
                                "min": 0,
                                "max": 1
                            }
                        },
                        {
                            "function": "enchant_with_levels",
                            "levels": {
                                "min": 1,
                                "max": 30
                            }
                        }
                    ]
                },
                {
                    "type": "item",
                    "weight": 1,
                    "name": "minecraft:golden_leggings",
                    "functions": [
                        {
                            "function": "set_damage",
                            "damage": {
                                "min": 0,
                                "max": 1
                            }
                        },
                        {
                            "function": "enchant_with_levels",
                            "levels": {
                                "min": 1,
                                "max": 30
                            }
                        }
                    ]
                },
                {
                    "type": "item",
                    "weight": 1,
                    "name": "minecraft:golden_boots",
                    "functions": [
                        {
                            "function": "set_damage",
                            "damage": {
                                "min": 0,
                                "max": 1
                            }
                        },
                        {
                            "function": "enchant_with_levels",
                            "levels": {
                                "min": 1,
                                "max": 30
                            }
                        }
                    ]
                },
                {
                    "type": "item",
                    "weight": 1,
                    "name": "minecraft:wheat"
                },
                {
                    "type": "item",
                    "weight": 1,
                    "name": "minecraft:bread"
                },
                {
                    "type": "item",
                    "weight": 1,
                    "name": "minecraft:melon_seeds"
                },
                {
                    "type": "item",
                    "weight": 1,
                    "name": "minecraft:slime"
                }
            ]
        }
    ]
}