{
  "pools": [
    {
      "rolls": 1,
      "entries": [
        {
          "type": "item",
          "name": "minecraft:gunpowder",
          "weight": 1,
          "functions": [
            {
              "function": "set_count",
              "count": {
                "min": 0,
                "max": 2
              }
            },
            {
              "function": "looting_enchant",
              "count": {
                "min": 0,
                "max": 1
              }
            }
          ]
        }
      ]
    },
    {
      "conditions": [
        {
          "condition": "killed_by_entity",
          "entity_type": "minecraft:skeleton"
        }
      ],
      "rolls": 1,
      "entries": [
        {
          "type": "item",
          "name": "minecraft:record_13"
        },
        {
          "type": "item",
          "name": "minecraft:record_cat"
        },
        {
          "type": "item",
          "name": "minecraft:record_blocks"
        },
        {
          "type": "item",
          "name": "minecraft:record_chirp"
        },
        {
          "type": "item",
          "name": "minecraft:record_far"
        },
        {
          "type": "item",
          "name": "minecraft:record_mall"
        },
        {
          "type": "item",
          "name": "minecraft:record_mellohi"
        },
        {
          "type": "item",
          "name": "minecraft:record_stal"
        },
        {
          "type": "item",
          "name": "minecraft:record_strad"
        },
        {
          "type": "item",
          "name": "minecraft:record_ward"
        },
        {
          "type": "item",
          "name": "minecraft:record_11"
        },
        {
          "type": "item",
          "name": "minecraft:record_wait"
        }
      ]
    },
    {
      "conditions": [
        {
          "condition": "killed_by_entity",
          "entity_type": "minecraft:stray"
        }
      ],
      "rolls": 1,
      "entries": [
        {
          "type": "item",
          "name": "minecraft:record_13"
        },
        {
          "type": "item",
          "name": "minecraft:record_cat"
        },
        {
          "type": "item",
          "name": "minecraft:record_blocks"
        },
        {
          "type": "item",
          "name": "minecraft:record_chirp"
        },
        {
          "type": "item",
          "name": "minecraft:record_far"
        },
        {
          "type": "item",
          "name": "minecraft:record_mall"
        },
        {
          "type": "item",
          "name": "minecraft:record_mellohi"
        },
        {
          "type": "item",
          "name": "minecraft:record_stal"
        },
        {
          "type": "item",
          "name": "minecraft:record_strad"
        },
        {
          "type": "item",
          "name": "minecraft:record_ward"
        },
        {
          "type": "item",
          "name": "minecraft:record_11"
        },
        {
          "type": "item",
          "name": "minecraft:record_wait"
        }
      ]
    },
    {
      "rolls": 1,
      "conditions": [
        {
          "condition": "random_chance_with_looting",
          "chance": 0.08,
          "looting_multiplier": 0.05
        }
      ],
      "entries": [
        {
          "type": "item",
          "weight": 1024,
          "name": "bags:common_bag"
        },
        {
          "type": "item",
          "weight": 256,
          "name": "bags:uncommon_bag"
        },
        {
          "type": "item",
          "weight": 64,
          "name": "bags:rare_bag"
        },
        {
          "type": "item",
          "weight": 16,
          "name": "bags:epic_bag"
        },
        {
          "type": "item",
          "weight": 1,
          "name": "bags:legendary_bag"
        }
      ]
    }
  ]
}