{
  "pools": [
    {
        "rolls": 1,
        "entries": [
            {
                "type": "item",
                "name": "minecraft:saddle"
            }
        ],
        "conditions": [
            {
                "condition": "killed_by_player"
            }
        ]
    },
    {
      "rolls": 1,
      "conditions": [
        {
          "condition": "random_chance_with_looting",
          "chance": 0.08,
          "looting_multiplier": 0.05
        }
      ],
      "entries": [
        {
          "type": "item",
          "weight": 64,
          "name": "bags:rare_bag"
        },
        {
          "type": "item",
          "weight": 16,
          "name": "bags:epic_bag"
        },
        {
          "type": "item",
          "weight": 1,
          "name": "bags:legendary_bag"
        }
      ]
    }
  ]
}
