{
    "pools": [
        {
            "rolls": 1,
            "entries": [
                {
                    "type": "item",
                    "name": "minecraft:slime_ball",
                    "weight": 1,
                    "functions": [
                        {
                            "function": "set_count",
                            "count": {
                                "min": 0,
                                "max": 2
                            }
                        },
                        {
                            "function": "looting_enchant",
                            "count": {
                                "min": 0,
                                "max": 1
                            }
                        }
                    ]
                }
            ]
        },
    {
      "rolls": 1,
      "conditions": [
        {
          "condition": "random_chance_with_looting",
          "chance": 0.08,
          "looting_multiplier": 0.05
        }
      ],
      "entries": [
        {
          "type": "item",
          "weight": 1024,
          "name": "bags:common_bag"
        },
        {
          "type": "item",
          "weight": 256,
          "name": "bags:uncommon_bag"
        },
        {
          "type": "item",
          "weight": 64,
          "name": "bags:rare_bag"
        },
        {
          "type": "item",
          "weight": 16,
          "name": "bags:epic_bag"
        },
        {
          "type": "item",
          "weight": 1,
          "name": "bags:legendary_bag"
        }
      ]
    }
    ]
}