{
    "pools": [
        {
            "rolls": 1,
            "entries": [
                {
                    "type": "item",
                    "functions": [
                        {
                            "function": "set_count",
                            "count": 1
                        }
                    ],
                    "name": "minecraft:lodestone"
                }
            ]
        },
        {
            "rolls": {
                "min": 1,
                "max": 2
            },
            "entries": [
                {
                    "type": "item",
                    "functions": [
                        {
                            "function": "minecraft:set_damage",
                            "damage": {
                                "min": 0.1,
                                "max": 0.5
                            }
                        },
                        {
                            "function": "enchant_randomly"
                        }
                    ],
                    "name": "minecraft:crossbow",
                    "weight": 1
                },
                {
                    "type": "item",
                    "functions": [
                        {
                            "function": "set_count",
                            "count": {
                                "min": 2,
                                "max": 12
                            }
                        }
                    ],
                    "name": "minecraft:arrow",
                    "weight": 1
                },
                {
                    "type": "item",
                    "functions": [
                        {
                            "function": "set_count",
                            "count": {
                                "min": 5,
                                "max": 8
                            }
                        }
                    ],
                    "name": "minecraft:gilded_blackstone",
                    "weight": 1
                },
                {
                    "type": "item",
                    "functions": [
                        {
                            "function": "set_count",
                            "count": {
                                "min": 3,
                                "max": 8
                            }
                        }
                    ],
                    "name": "minecraft:crying_obsidian",
                    "weight": 1
                },
                {
                    "type": "item",
                    "functions": [
                        {
                            "function": "set_count",
                            "count": 1
                        }
                    ],
                    "name": "minecraft:gold_block",
                    "weight": 1
                },
                {
                    "type": "item",
                    "functions": [
                        {
                            "function": "set_count",
                            "count": {
                                "min": 2,
                                "max": 8
                            }
                        }
                    ],
                    "name": "minecraft:gold_ingot",
                    "weight": 1
                },
                {
                    "type": "item",
                    "functions": [
                        {
                            "function": "set_count",
                            "count": {
                                "min": 2,
                                "max": 8
                            }
                        }
                    ],
                    "name": "minecraft:iron_ingot",
                    "weight": 1
                },
                {
                    "type": "item",
                    "functions": [
                        {
                            "function": "set_count",
                            "count": 1
                        }
                    ],
                    "name": "minecraft:golden_sword",
                    "weight": 1
                },
                {
                    "type": "item",
                    "functions": [
                        {
                            "function": "set_count",
                            "count": 1
                        },
                        {
                            "function": "enchant_randomly"
                        }
                    ],
                    "name": "minecraft:golden_chestplate",
                    "weight": 1
                },
                {
                    "type": "item",
                    "functions": [
                        {
                            "function": "set_count",
                            "count": 1
                        },
                        {
                            "function": "enchant_randomly"
                        }
                    ],
                    "name": "minecraft:golden_helmet",
                    "weight": 1
                },
                {
                    "type": "item",
                    "functions": [
                        {
                            "function": "set_count",
                            "count": 1
                        },
                        {
                            "function": "enchant_randomly"
                        }
                    ],
                    "name": "minecraft:golden_leggings",
                    "weight": 1
                },
                {
                    "type": "item",
                    "functions": [
                        {
                            "function": "set_count",
                            "count": 1
                        },
                        {
                            "function": "enchant_randomly"
                        }
                    ],
                    "name": "minecraft:golden_boots",
                    "weight": 1
                }
            ]
        },
        {
            "rolls": {
                "min": 2,
                "max": 4
            },
            "entries": [
                {
                    "type": "item",
                    "functions": [
                        {
                            "function": "set_count",
                            "count": {
                                "min": 1,
                                "max": 6
                            }
                        }
                    ],
                    "name": "minecraft:string",
                    "weight": 1
                },
                {
                    "type": "item",
                    "functions": [
                        {
                            "function": "set_count",
                            "count": {
                                "min": 1,
                                "max": 3
                            }
                        }
                    ],
                    "name": "minecraft:leather",
                    "weight": 1
                },
                {
                    "type": "item",
                    "functions": [
                        {
                            "function": "set_count",
                            "count": {
                                "min": 5,
                                "max": 17
                            }
                        }
                    ],
                    "name": "minecraft:arrow",
                    "weight": 1
                },
                {
                    "type": "item",
                    "functions": [
                        {
                            "function": "set_count",
                            "count": {
                                "min": 2,
                                "max": 6
                            }
                        }
                    ],
                    "name": "minecraft:iron_nugget",
                    "weight": 1
                },
                {
                    "type": "item",
                    "functions": [
                        {
                            "function": "set_count",
                            "count": {
                                "min": 2,
                                "max": 6
                            }
                        }
                    ],
                    "name": "minecraft:gold_nugget",
                    "weight": 1
                }
            ]
        },
    {
      "rolls": 3,
      "conditions": [
        {
          "condition": "random_chance",
          "chance": 0.5
        }
      ],
      "entries": [
        {
          "type": "item",
          "weight": 1024,
          "name": "bags:common_bag"
        },
        {
          "type": "item",
          "weight": 256,
          "name": "bags:uncommon_bag"
        },
        {
          "type": "item",
          "weight": 64,
          "name": "bags:rare_bag"
        },
        {
          "type": "item",
          "weight": 16,
          "name": "bags:epic_bag"
        },
        {
          "type": "item",
          "weight": 1,
          "name": "bags:legendary_bag"
        }
      ]
    }
    ]
}