{
    "pools": [
        {
            "rolls": {
                "min": 1,
                "max": 2
            },
            "entries": [
                {
                    "type": "item",
                    "weight": 10,
                    "functions": [
                        {
                            "function": "set_count",
                            "count": 1
                        }
                    ],
                    "name": "minecraft:netherite_ingot"
                },
                {
                    "type": "item",
                    "weight": 14,
                    "functions": [
                        {
                            "function": "set_count",
                            "count": 1
                        }
                    ],
                    "name": "minecraft:ancient_debris"
                },
                {
                    "type": "item",
                    "weight": 10,
                    "functions": [
                        {
                            "function": "set_count",
                            "count": 1
                        }
                    ],
                    "name": "minecraft:netherite_scrap"
                },
                {
                    "type": "item",
                    "functions": [
                        {
                            "function": "set_count",
                            "count": 2
                        }
                    ],
                    "name": "minecraft:ancient_debris",
                    "weight": 1
                },
                {
                    "type": "item",
                    "weight": 10,
                    "functions": [
                        {
                            "function": "minecraft:set_damage",
                            "damage": {
                                "min": 0.2,
                                "max": 0.65
                            }
                        },
                        {
                            "function": "enchant_randomly"
                        }
                    ],
                    "name": "minecraft:diamond_sword"
                },
                {
                    "type": "item",
                    "weight": 6,
                    "functions": [
                        {
                            "function": "minecraft:set_damage",
                            "damage": {
                                "min": 0.2,
                                "max": 0.65
                            }
                        },
                        {
                            "function": "enchant_randomly"
                        }
                    ],
                    "name": "minecraft:diamond_chestplate"
                },
                {
                    "type": "item",
                    "weight": 6,
                    "functions": [
                        {
                            "function": "minecraft:set_damage",
                            "damage": {
                                "min": 0.2,
                                "max": 0.65
                            }
                        },
                        {
                            "function": "enchant_randomly"
                        }
                    ],
                    "name": "minecraft:diamond_helmet"
                },
                {
                    "type": "item",
                    "weight": 6,
                    "functions": [
                        {
                            "function": "minecraft:set_damage",
                            "damage": {
                                "min": 0.2,
                                "max": 0.65
                            }
                        },
                        {
                            "function": "enchant_randomly"
                        }
                    ],
                    "name": "minecraft:diamond_leggings"
                },
                {
                    "type": "item",
                    "weight": 6,
                    "functions": [
                        {
                            "function": "minecraft:set_damage",
                            "damage": {
                                "min": 0.2,
                                "max": 0.65
                            }
                        },
                        {
                            "function": "enchant_randomly"
                        }
                    ],
                    "name": "minecraft:diamond_boots"
                },
                {
                    "type": "item",
                    "weight": 6,
                    "functions": [
                        {
                            "function": "minecraft:set_damage",
                            "damage": {
                                "min": 0.2,
                                "max": 0.65
                            }
                        }
                    ],
                    "name": "minecraft:diamond_sword"
                },
                {
                    "type": "item",
                    "weight": 5,
                    "functions": [
                        {
                            "function": "minecraft:set_damage",
                            "damage": {
                                "min": 0.2,
                                "max": 0.65
                            }
                        }
                    ],
                    "name": "minecraft:diamond_chestplate"
                },
                {
                    "type": "item",
                    "weight": 5,
                    "functions": [
                        {
                            "function": "minecraft:set_damage",
                            "damage": {
                                "min": 0.2,
                                "max": 0.65
                            }
                        }
                    ],
                    "name": "minecraft:diamond_helmet"
                },
                {
                    "type": "item",
                    "weight": 5,
                    "functions": [
                        {
                            "function": "minecraft:set_damage",
                            "damage": {
                                "min": 0.2,
                                "max": 0.65
                            }
                        }
                    ],
                    "name": "minecraft:diamond_boots"
                },
                {
                    "type": "item",
                    "weight": 5,
                    "functions": [
                        {
                            "function": "minecraft:set_damage",
                            "damage": {
                                "min": 0.2,
                                "max": 0.65
                            }
                        }
                    ],
                    "name": "minecraft:diamond_leggings"
                },
                {
                    "type": "item",
                    "weight": 5,
                    "functions": [
                        {
                            "function": "set_count",
                            "count": {
                                "min": 1,
                                "max": 3
                            }
                        }
                    ],
                    "name": "minecraft:diamond"
                }
            ]
        },
        {
            "rolls": {
                "min": 2,
                "max": 4
            },
            "entries": [
                {
                    "type": "item",
                    "functions": [
                        {
                            "function": "set_count",
                            "count": {
                                "min": 5,
                                "max": 21
                            }
                        }
                    ],
                    "name": "minecraft:arrow",
                    "weight": 1
                },
                {
                    "type": "item",
                    "functions": [
                        {
                            "function": "set_count",
                            "count": {
                                "min": 2,
                                "max": 5
                            }
                        }
                    ],
                    "name": "minecraft:gold_block",
                    "weight": 1
                },
                {
                    "type": "item",
                    "functions": [
                        {
                            "function": "set_count",
                            "count": {
                                "min": 3,
                                "max": 9
                            }
                        }
                    ],
                    "name": "minecraft:gold_ingot",
                    "weight": 1
                },
                {
                    "type": "item",
                    "functions": [
                        {
                            "function": "set_count",
                            "count": {
                                "min": 3,
                                "max": 9
                            }
                        }
                    ],
                    "name": "minecraft:iron_ingot",
                    "weight": 1
                },
                {
                    "type": "item",
                    "functions": [
                        {
                            "function": "set_count",
                            "count": {
                                "min": 1,
                                "max": 5
                            }
                        }
                    ],
                    "name": "minecraft:crying_obsidian",
                    "weight": 1
                },
                {
                    "type": "item",
                    "functions": [
                        {
                            "function": "set_count",
                            "count": {
                                "min": 8,
                                "max": 23
                            }
                        }
                    ],
                    "name": "minecraft:quartz",
                    "weight": 1
                },
                {
                    "type": "item",
                    "functions": [
                        {
                            "function": "set_count",
                            "count": {
                                "min": 1,
                                "max": 5
                            }
                        }
                    ],
                    "name": "minecraft:gilded_blackstone",
                    "weight": 1
                },
                {
                    "type": "item",
                    "functions": [
                        {
                            "function": "set_count",
                            "count": {
                                "min": 2,
                                "max": 8
                            }
                        }
                    ],
                    "name": "minecraft:magma_cream",
                    "weight": 1
                },
                {
                    "type": "item",
                    "functions": [
                        {
                            "function": "set_count",
                            "count": {
                                "min": 8,
                                "max": 16
                            }
                        }
                    ],
                    "name": "minecraft:iron_nugget",
                    "weight": 1
                }
            ]
        },
    {
      "rolls": 3,
      "conditions": [
        {
          "condition": "random_chance",
          "chance": 0.5
        }
      ],
      "entries": [
        {
          "type": "item",
          "weight": 256,
          "name": "bags:uncommon_bag"
        },
        {
          "type": "item",
          "weight": 64,
          "name": "bags:rare_bag"
        },
        {
          "type": "item",
          "weight": 16,
          "name": "bags:epic_bag"
        },
        {
          "type": "item",
          "weight": 1,
          "name": "bags:legendary_bag"
        }
      ]
    }
    ]
}