{
  "pools": [
    {
      "rolls": {
        "min": 2,
        "max": 8
      },
      "entries": [
        {
          "type": "item",
          "name": "minecraft:apple",
          "weight": 15,
          "functions": [
            {
              "function": "minecraft:set_count",
              "count": {
                "min": 1,
                "max": 3
              }
            }
          ]
        },
        {
          "type": "item",
          "name": "minecraft:coal",
          "weight": 15,
          "functions": [
            {
              "function": "minecraft:set_count",
              "count": {
                "min": 1,
                "max": 4
              }
            }
          ]
        },
        {
          "type": "item",
          "name": "minecraft:gold_nugget",
          "weight": 10,
          "functions": [
            {
              "function": "minecraft:set_count",
              "count": {
                "min": 1,
                "max": 3
              }
            }
          ]
        },
        {
          "type": "item",
          "name": "minecraft:stone_axe",
          "weight": 2
        },
        {
          "type": "item",
          "name": "minecraft:rotten_flesh",
          "weight": 10
        },
        {
          "type": "item",
          "name": "minecraft:emerald",
          "weight": 1
        },
        {
          "type": "item",
          "name": "minecraft:wheat",
          "weight": 10,
          "functions": [
            {
              "function": "minecraft:set_count",
              "count": {
                "min": 2,
                "max": 3
              }
            }
          ]
        }
      ]
    },
    {
      "rolls": 1,
      "entries": [
        {
          "type": "item",
          "name": "minecraft:golden_apple",
          "weight": 1
        }
      ]
    },
    {
      "rolls": 2,
      "conditions": [
        {
          "condition": "random_chance",
          "chance": 0.5
        }
      ],
      "entries": [
        {
          "type": "item",
          "weight": 1024,
          "name": "bags:common_bag"
        },
        {
          "type": "item",
          "weight": 256,
          "name": "bags:uncommon_bag"
        },
        {
          "type": "item",
          "weight": 64,
          "name": "bags:rare_bag"
        },
        {
          "type": "item",
          "weight": 16,
          "name": "bags:epic_bag"
        },
        {
          "type": "item",
          "weight": 1,
          "name": "bags:legendary_bag"
        }
      ]
    }
  ]
}