{
  "pools": [
    {
      "rolls": {
        "min": 2,
        "max": 4
      },
      "entries": [
        {
          "type": "item",
          "name": "minecraft:diamond",
          "functions": [
            {
              "function": "set_count",
              "count": {
                "min": 1,
                "max": 3
              }
            }
          ],
          "weight": 5
        },
        {
          "type": "item",
          "name": "minecraft:iron_ingot",
          "functions": [
            {
              "function": "set_count",
              "count": {
                "min": 1,
                "max": 5
              }
            }
          ],
          "weight": 5
        },
        {
          "type": "item",
          "name": "minecraft:gold_ingot",
          "functions": [
            {
              "function": "set_count",
              "count": {
                "min": 1,
                "max": 3
              }
            }
          ],
          "weight": 15
        },
        {
          "type": "item",
          "name": "minecraft:golden_sword",
          "weight": 5
        },
        {
          "type": "item",
          "name": "minecraft:golden_chestplate",
          "weight": 5
        },
        {
          "type": "item",
          "name": "minecraft:flint_and_steel",
          "weight": 5
        },
        {
          "type": "item",
          "name": "minecraft:nether_wart",
          "functions": [
            {
              "function": "set_count",
              "count": {
                "min": 3,
                "max": 7
              }
            }
          ],
          "weight": 5
        },
        {
          "type": "item",
          "name": "minecraft:saddle",
          "weight": 10
        },
        {
          "type": "item",
          "name": "minecraft:horsearmorgold",
          "weight": 8
        },
        {
          "type": "item",
          "name": "minecraft:horsearmoriron",
          "weight": 5
        },
        {
          "type": "item",
          "name": "minecraft:horsearmordiamond",
          "weight": 3
        },
        {
          "type": "item",
          "name": "minecraft:obsidian",
          "functions": [
            {
              "function": "set_count",
              "count": {
                "min": 2,
                "max": 4
              }
            }
          ],
          "weight": 2
        }
      ]
    },
    {
      "rolls": 3,
      "conditions": [
        {
          "condition": "random_chance",
          "chance": 0.5
        }
      ],
      "entries": [
        {
          "type": "item",
          "weight": 1024,
          "name": "bags:common_bag"
        },
        {
          "type": "item",
          "weight": 256,
          "name": "bags:uncommon_bag"
        },
        {
          "type": "item",
          "weight": 64,
          "name": "bags:rare_bag"
        },
        {
          "type": "item",
          "weight": 16,
          "name": "bags:epic_bag"
        },
        {
          "type": "item",
          "weight": 1,
          "name": "bags:legendary_bag"
        }
      ]
    }
  ]
}