{
    "pools": [
        {
            "rolls": {
                "min": 2,
                "max": 8
            },
            "entries": [
                {
                    "type": "item",
                    "name": "minecraft:coal",
                    "weight": 10,
                    "functions": [
                        {
                            "function": "minecraft:set_count",
                            "count": {
                                "min": 1,
                                "max": 4
                            }
                        }
                    ]
                },
                {
                    "type": "item",
                    "name": "minecraft:gold_nugget",
                    "weight": 10,
                    "functions": [
                        {
                            "function": "minecraft:set_count",
                            "count": {
                                "min": 1,
                                "max": 3
                            }
                        }
                    ]
                },
                {
                    "type": "item",
                    "name": "minecraft:emerald",
                    "weight": 1
                },
                {
                    "type": "item",
                    "name": "minecraft:wheat",
                    "weight": 10,
                    "functions": [
                        {
                            "function": "minecraft:set_count",
                            "count": {
                                "min": 2,
                                "max": 3
                            }
                        }
                    ]
                }
            ]
        },
        {
            "rolls": 1,
            "entries": [
                {
                    "type": "item",
                    "name": "minecraft:golden_apple",
                    "weight": 1
                },
                {
                    "type": "item",
                    "name": "minecraft:book",
                    "weight": 5,
                    "functions": [
                        {
                            "function": "enchant_randomly"
                        }
                    ]
                },
                {
                    "type": "item",
                    "name": "minecraft:leather_chestplate",
                    "weight": 1
                },
                {
                    "type": "item",
                    "name": "minecraft:golden_helmet",
                    "weight": 1
                },
                {
                    "type": "item",
                    "name": "minecraft:fishing_rod",
                    "weight": 5,
                    "functions": [
                        {
                            "function": "enchant_randomly"
                        }
                    ]
                },
                {
                    "type": "item",
                    "name": "minecraft:map",
                    "weight": 10,
                    "functions": [
                         {
                            "function": "exploration_map",
                            "destination": "buriedtreasure"
                         }
                    ]
                }
            ]
        },
    {
      "rolls": 3,
      "conditions": [
        {
          "condition": "random_chance",
          "chance": 0.5
        }
      ],
      "entries": [
        {
          "type": "item",
          "weight": 1024,
          "name": "bags:common_bag"
        },
        {
          "type": "item",
          "weight": 256,
          "name": "bags:uncommon_bag"
        },
        {
          "type": "item",
          "weight": 64,
          "name": "bags:rare_bag"
        },
        {
          "type": "item",
          "weight": 16,
          "name": "bags:epic_bag"
        },
        {
          "type": "item",
          "weight": 1,
          "name": "bags:legendary_bag"
        }
      ]
    }
    ]
}