{
  "entity_sounds": {
    "entities": {
      "bags:common_bag": {
        "volume": 1.0,
        "pitch": [ 0.8, 1.2 ],
        "events": {
          "death": "random.fizz"
        }
      },
      "bags:uncommon_bag": {
        "volume": 1.0,
        "pitch": [ 0.8, 1.2 ],
        "events": {
          "death": "random.fizz"
        }
      },
      "bags:rare_bag": {
        "volume": 1.0,
        "pitch": [ 0.8, 1.2 ],
        "events": {
          "death": "random.fizz"
        }
      },
      "bags:epic_bag": {
        "volume": 1.0,
        "pitch": [ 0.8, 1.2 ],
        "events": {
          "death": "random.fizz"
        }
      },
      "bags:legendary_bag": {
        "volume": 1.0,
        "pitch": [ 0.8, 1.2 ],
        "events": {
          "death": "random.fizz"
        }
      }
    }
  }
}