{
   "format_version":"1.16.100",
   "minecraft:item":{
      "description":{
         "identifier":"bags:common_bag"
      },
      "components":{
         "minecraft:max_stack_size":4,
         "minecraft:icon":{
            "texture":"common_bag"
         },
         "minecraft:display_name":{
            "value":"Common Bag"
         },
         "minecraft:render_offsets":{
            "main_hand":{
               "third_person":{
                  "position":[
                     0.26,
                     1.0,
                     -0.55
                  ],
                  "scale":[
                     0.05,
                     0.05,
                     0.05
                  ]
               },
               "first_person":{
                  "position":[
                     0.88,
                     -0.2,
                     -1.6
                  ],
                  "scale":[
                     0.03,
                     0.03,
                     0.03
                  ]
               }
            }
         },
         "minecraft:on_use":{
            "on_use":{
               "event":"used"
            }
         }
      },
      "events":{
         "used":{
            "swing":{
               
            },
            "run_command":{
               "command":[
                  "loot spawn ~ ~ ~ loot common_bag",
                  "clear @s bags:common_bag 0 1"
               ]
            }
         }
      }
   }
}